<?xml version = '1.0' encoding = 'UTF-8'?>
<FKIndexAssociation class="oracle.dbtools.crest.model.design.relational.FKIndexAssociation" directorySegmentName="seg_0" id="22063D25-57E5-77CA-4CE0-1E1433DBCD77" containerWithKeyObject="93D871AD-3860-B0CA-3C94-B4D6EB72DC25" localFKIndex="FC8E91BD-45D3-2D11-3F30-D499DD20458D" name="FK_COMPRA_DESPACHO">
<createdBy>camip</createdBy>
<createdTime>2022-06-01 19:33:57 UTC</createdTime>
<ownerDesignName>MODELO ER CASO</ownerDesignName>
<referredTableLongName>DESPACHO</referredTableLongName>
<deleteRule>NO ACTION</deleteRule>
<referredTableID>03CA8F77-4C67-822A-4CFF-4BF315354949</referredTableID>
<keyObject>891D2278-62A2-D0CF-C3A6-0E4A337039FD</keyObject>
<referredKeyID>891D2278-62A2-D0CF-C3A6-0E4A337039FD</referredKeyID>
<mandatory>true</mandatory>
<refColNames>id_despacho</refColNames>
<transferable>true</transferable>
<rely>false</rely>
<columnDependencyConstraintGenerateInDDL>true</columnDependencyConstraintGenerateInDDL>
</FKIndexAssociation>