<?xml version = '1.0' encoding = 'UTF-8'?>
<FKIndexAssociation class="oracle.dbtools.crest.model.design.relational.FKIndexAssociation" directorySegmentName="seg_0" id="51398D8A-6E96-085D-B3AE-793D08CC7D09" containerWithKeyObject="712BBB2D-33C2-507B-E537-5B51F11F64A7" localFKIndex="0732BECB-52A1-8BDB-433C-487846729D52" name="FK_CLIENTE_SUSCRIPCION">
<createdBy>camip</createdBy>
<createdTime>2022-06-01 19:39:09 UTC</createdTime>
<ownerDesignName>MODELO ER CASO</ownerDesignName>
<referredTableLongName>SUSCRIPCION</referredTableLongName>
<deleteRule>NO ACTION</deleteRule>
<referredTableID>72C648AA-B617-8511-3504-1CD6DC4B5CCF</referredTableID>
<keyObject>AB54B7FA-BBD1-7AFC-CB20-EBDC21FFE2AD</keyObject>
<referredKeyID>AB54B7FA-BBD1-7AFC-CB20-EBDC21FFE2AD</referredKeyID>
<mandatory>true</mandatory>
<refColNames>id_suscripcion</refColNames>
<transferable>true</transferable>
<rely>false</rely>
<columnDependencyConstraintGenerateInDDL>true</columnDependencyConstraintGenerateInDDL>
</FKIndexAssociation>