<?xml version = '1.0' encoding = 'UTF-8'?>
<FKIndexAssociation class="oracle.dbtools.crest.model.design.relational.FKIndexAssociation" directorySegmentName="seg_0" id="5AE5DEB0-E83C-0123-E124-CE209D40021F" containerWithKeyObject="86274104-B158-3982-6C46-E12F6F8B4D35" localFKIndex="F50BB217-F435-1C21-A73E-9224031F4D45" name="FK_COMUNA_PROVINCIA">
<createdBy>camip</createdBy>
<createdTime>2022-06-01 19:23:10 UTC</createdTime>
<ownerDesignName>MODELO ER CASO</ownerDesignName>
<referredTableLongName>PROVINCIA</referredTableLongName>
<deleteRule>NO ACTION</deleteRule>
<referredTableID>3BB78758-6CBE-D6FE-EE95-6AF4538C974D</referredTableID>
<keyObject>F4C152A1-256A-B03D-DFAE-16D1C33B28B9</keyObject>
<referredKeyID>F4C152A1-256A-B03D-DFAE-16D1C33B28B9</referredKeyID>
<mandatory>true</mandatory>
<refColNames>id_provincia</refColNames>
<transferable>true</transferable>
<rely>false</rely>
<columnDependencyConstraintGenerateInDDL>true</columnDependencyConstraintGenerateInDDL>
</FKIndexAssociation>