<?xml version = '1.0' encoding = 'UTF-8'?>
<FKIndexAssociation class="oracle.dbtools.crest.model.design.relational.FKIndexAssociation" directorySegmentName="seg_0" id="671DE6D5-44C5-1F95-D0E2-99382045C74F" containerWithKeyObject="93D871AD-3860-B0CA-3C94-B4D6EB72DC25" localFKIndex="813D72FC-1AE3-91E7-487C-77E4895FDBB7" name="FK_COMPRA_CLIENTE">
<createdBy>camip</createdBy>
<createdTime>2022-06-01 19:31:40 UTC</createdTime>
<ownerDesignName>MODELO ER CASO</ownerDesignName>
<referredTableLongName>CLIENTE</referredTableLongName>
<deleteRule>NO ACTION</deleteRule>
<referredTableID>712BBB2D-33C2-507B-E537-5B51F11F64A7</referredTableID>
<keyObject>B71D6060-EF4F-5283-3156-BBEA8097F959</keyObject>
<referredKeyID>B71D6060-EF4F-5283-3156-BBEA8097F959</referredKeyID>
<mandatory>true</mandatory>
<refColNames>rut_cliente</refColNames>
<transferable>true</transferable>
<rely>false</rely>
<columnDependencyConstraintGenerateInDDL>true</columnDependencyConstraintGenerateInDDL>
</FKIndexAssociation>