<?xml version = '1.0' encoding = 'UTF-8'?>
<FKIndexAssociation class="oracle.dbtools.crest.model.design.relational.FKIndexAssociation" directorySegmentName="seg_0" id="9DCB9CA2-49EB-EC8D-2C0F-D2B5313FD29E" containerWithKeyObject="B0539743-8158-D3E4-8163-2ACEB86BD88F" localFKIndex="5960868A-33C9-7581-17DA-E2AD60156B65" name="FK_PRODUCTO_CATEGORIA">
<createdBy>camip</createdBy>
<createdTime>2022-06-01 19:30:51 UTC</createdTime>
<ownerDesignName>MODELO ER CASO</ownerDesignName>
<referredTableLongName>CATEGORIA</referredTableLongName>
<deleteRule>NO ACTION</deleteRule>
<referredTableID>9A1B5AD6-9398-862C-78D3-51B2E728F43B</referredTableID>
<keyObject>D0C54F78-D81C-EDCE-CE25-1D7CFD947563</keyObject>
<referredKeyID>D0C54F78-D81C-EDCE-CE25-1D7CFD947563</referredKeyID>
<mandatory>true</mandatory>
<refColNames>id_categoria</refColNames>
<transferable>true</transferable>
<rely>false</rely>
<columnDependencyConstraintGenerateInDDL>true</columnDependencyConstraintGenerateInDDL>
</FKIndexAssociation>