<?xml version = '1.0' encoding = 'UTF-8'?>
<FKIndexAssociation class="oracle.dbtools.crest.model.design.relational.FKIndexAssociation" directorySegmentName="seg_0" id="B096A7D6-052C-882C-18BE-2DEC50944F98" containerWithKeyObject="B0539743-8158-D3E4-8163-2ACEB86BD88F" localFKIndex="C89927CD-84DE-8467-4444-098C97C0DD0E" name="FK_PRODUCTO_COMPRA_CTE">
<createdBy>camip</createdBy>
<createdTime>2022-06-01 19:27:53 UTC</createdTime>
<ownerDesignName>MODELO ER CASO</ownerDesignName>
<referredTableLongName>COMPRA</referredTableLongName>
<deleteRule>NO ACTION</deleteRule>
<referredTableID>93D871AD-3860-B0CA-3C94-B4D6EB72DC25</referredTableID>
<keyObject>96EAA2A3-4795-9B43-7849-536B245AD033</keyObject>
<referredKeyID>96EAA2A3-4795-9B43-7849-536B245AD033</referredKeyID>
<mandatory>true</mandatory>
<refColNames>id_compra</refColNames>
<transferable>true</transferable>
<rely>false</rely>
<columnDependencyConstraintGenerateInDDL>true</columnDependencyConstraintGenerateInDDL>
</FKIndexAssociation>