<?xml version = '1.0' encoding = 'UTF-8'?>
<FKIndexAssociation class="oracle.dbtools.crest.model.design.relational.FKIndexAssociation" directorySegmentName="seg_0" id="B2781C87-385B-0623-C85B-482C4DC4CE13" containerWithKeyObject="068DEF8A-2DFB-3B35-B9D5-23F802A8AB3A" localFKIndex="0E163D53-DA89-5B88-A27A-F6FCC17D9CBF" name="FK_DESCUENTO_COMPRA">
<createdBy>camip</createdBy>
<createdTime>2022-06-01 19:41:01 UTC</createdTime>
<ownerDesignName>MODELO ER CASO</ownerDesignName>
<referredTableLongName>COMPRA</referredTableLongName>
<deleteRule>NO ACTION</deleteRule>
<referredTableID>93D871AD-3860-B0CA-3C94-B4D6EB72DC25</referredTableID>
<keyObject>96EAA2A3-4795-9B43-7849-536B245AD033</keyObject>
<referredKeyID>96EAA2A3-4795-9B43-7849-536B245AD033</referredKeyID>
<mandatory>true</mandatory>
<refColNames>id_compra</refColNames>
<transferable>true</transferable>
<rely>false</rely>
<columnDependencyConstraintGenerateInDDL>true</columnDependencyConstraintGenerateInDDL>
</FKIndexAssociation>