<?xml version = '1.0' encoding = 'UTF-8'?>
<FKIndexAssociation class="oracle.dbtools.crest.model.design.relational.FKIndexAssociation" directorySegmentName="seg_0" id="B76B28E1-017C-E1E2-42CE-87B8F45CA208" containerWithKeyObject="72C648AA-B617-8511-3504-1CD6DC4B5CCF" localFKIndex="7D106BEB-330C-64FF-4CF7-D39D5A19D5E7" name="FK_SUSCRIP_DESCUENTO">
<createdBy>camip</createdBy>
<createdTime>2022-06-01 19:43:46 UTC</createdTime>
<ownerDesignName>MODELO ER CASO</ownerDesignName>
<referredTableLongName>DESCUENTO</referredTableLongName>
<deleteRule>NO ACTION</deleteRule>
<referredTableID>068DEF8A-2DFB-3B35-B9D5-23F802A8AB3A</referredTableID>
<keyObject>12076E4E-8CC2-5D0F-D191-83C802BDCBAE</keyObject>
<referredKeyID>12076E4E-8CC2-5D0F-D191-83C802BDCBAE</referredKeyID>
<mandatory>true</mandatory>
<refColNames>id_descuento</refColNames>
<transferable>true</transferable>
<rely>false</rely>
<columnDependencyConstraintGenerateInDDL>true</columnDependencyConstraintGenerateInDDL>
</FKIndexAssociation>