<?xml version = '1.0' encoding = 'UTF-8'?>
<FKIndexAssociation class="oracle.dbtools.crest.model.design.relational.FKIndexAssociation" directorySegmentName="seg_0" id="BA0EE3FB-5B41-C8FE-50C9-2B22DB166408" containerWithKeyObject="3BB78758-6CBE-D6FE-EE95-6AF4538C974D" localFKIndex="70ECE7DC-47E0-6621-0BE7-2EFE8E4EF266" name="FK_PROVINCIA_REGION">
<createdBy>camip</createdBy>
<createdTime>2022-06-01 19:24:13 UTC</createdTime>
<ownerDesignName>MODELO ER CASO</ownerDesignName>
<referredTableLongName>REGION</referredTableLongName>
<deleteRule>NO ACTION</deleteRule>
<referredTableID>15B2117B-900A-CF72-804F-F292C7D8CDF8</referredTableID>
<keyObject>74F2E05A-3522-93D9-1168-CE54B0841D2E</keyObject>
<referredKeyID>74F2E05A-3522-93D9-1168-CE54B0841D2E</referredKeyID>
<mandatory>true</mandatory>
<refColNames>id_region</refColNames>
<transferable>true</transferable>
<rely>false</rely>
<columnDependencyConstraintGenerateInDDL>true</columnDependencyConstraintGenerateInDDL>
</FKIndexAssociation>