<?xml version = '1.0' encoding = 'UTF-8'?>
<FKIndexAssociation class="oracle.dbtools.crest.model.design.relational.FKIndexAssociation" directorySegmentName="seg_0" id="D4835825-0E09-5729-0A42-8AAEC3F80B34" containerWithKeyObject="03CA8F77-4C67-822A-4CFF-4BF315354949" localFKIndex="40F36176-5032-7E8F-2134-0AEA4CA5E2D4" name="FK_DESPACHO_COMUNA">
<createdBy>camip</createdBy>
<createdTime>2022-06-01 19:25:18 UTC</createdTime>
<ownerDesignName>MODELO ER CASO</ownerDesignName>
<referredTableLongName>COMUNA</referredTableLongName>
<deleteRule>NO ACTION</deleteRule>
<referredTableID>86274104-B158-3982-6C46-E12F6F8B4D35</referredTableID>
<keyObject>859E715F-B7B7-F10D-47BC-D60D3DF38AE1</keyObject>
<referredKeyID>859E715F-B7B7-F10D-47BC-D60D3DF38AE1</referredKeyID>
<mandatory>true</mandatory>
<refColNames>id_comuna</refColNames>
<transferable>true</transferable>
<rely>false</rely>
<columnDependencyConstraintGenerateInDDL>true</columnDependencyConstraintGenerateInDDL>
</FKIndexAssociation>