<?xml version = '1.0' encoding = 'UTF-8'?>
<relationalModel class="oracle.dbtools.crest.model.design.relational.RelationalDesign" name="Relational_1" id="74CF18DD-7369-B320-FAD2-D8473743CF43" mainViewID="7CB77E59-289F-D688-C185-218544EA363E">
<createdBy>Camila Garmendia</createdBy>
<createdTime>2022-05-31 20:11:42 UTC</createdTime>
<ownerDesignName>MODELO ER CASO</ownerDesignName>
<shouldBeOpen>false</shouldBeOpen>
<selectedRDBMSSite>32076570-2523-435C-2E92-BF29817DFF70</selectedRDBMSSite>
</relationalModel>