<?xml version = '1.0' encoding = 'UTF-8'?>
<Diagram class="oracle.dbtools.crest.swingui.relational.DPVRelational" name="Relational_1" id="7CB77E59-289F-D688-C185-218544EA363E">
<createdBy>Camila Garmendia</createdBy>
<modifiedBy>Camila Garmendia</modifiedBy>
<createdTime>2022-05-31 20:12:19 UTC</createdTime>
<autoRoute>false</autoRoute>
<boxInbox>true</boxInbox>
<showLegend>false</showLegend>
<showLabels>false</showLabels>
<showRelAttributes>false</showRelAttributes>
<gridEnabled>false</gridEnabled>
<showGrid>false</showGrid>
<diagramColor>-1</diagramColor>
<display>false</display>
<notation>1</notation>
<objectViews>
<OView class="oracle.dbtools.crest.swingui.relational.TVTable" oid="03CA8F77-4C67-822A-4CFF-4BF315354949" otype="Table" vid="BB20BF7F-8067-AADE-8EE6-7E9C7B4EAA1E">
<hideElementsInCurrentOnly>false</hideElementsInCurrentOnly>
<bounds x="482" y="52" width="214" height="129"/>
</OView>
<OView class="oracle.dbtools.crest.swingui.relational.TVTable" oid="068DEF8A-2DFB-3B35-B9D5-23F802A8AB3A" otype="Table" vid="317B43CB-6501-DD19-6573-088BA616973D">
<hideElementsInCurrentOnly>false</hideElementsInCurrentOnly>
<bounds x="458" y="525" width="271" height="113"/>
</OView>
<OView class="oracle.dbtools.crest.swingui.relational.TVTable" oid="15B2117B-900A-CF72-804F-F292C7D8CDF8" otype="Table" vid="852E9F59-39DA-9A84-5A8C-B44B37E30344">
<hideElementsInCurrentOnly>false</hideElementsInCurrentOnly>
<bounds x="1108" y="481" width="197" height="96"/>
</OView>
<OView class="oracle.dbtools.crest.swingui.relational.TVTable" oid="3BB78758-6CBE-D6FE-EE95-6AF4538C974D" otype="Table" vid="5C3CB8DE-4B6F-AABF-80E2-E9B2CEFD719D">
<hideElementsInCurrentOnly>false</hideElementsInCurrentOnly>
<bounds x="1097" y="262" width="244" height="131"/>
</OView>
<OView class="oracle.dbtools.crest.swingui.relational.TVTable" oid="712BBB2D-33C2-507B-E537-5B51F11F64A7" otype="Table" vid="7EE104E7-4D87-74CC-1B07-BD65D92168CF">
<hideElementsInCurrentOnly>false</hideElementsInCurrentOnly>
<bounds x="801" y="225" width="240" height="181"/>
</OView>
<OView class="oracle.dbtools.crest.swingui.relational.TVTable" oid="72C648AA-B617-8511-3504-1CD6DC4B5CCF" otype="Table" vid="51016142-A6C9-0866-BA5D-124D4CB4F2EF">
<hideElementsInCurrentOnly>false</hideElementsInCurrentOnly>
<bounds x="831" y="495" width="235" height="128"/>
</OView>
<OView class="oracle.dbtools.crest.swingui.relational.TVTable" oid="86274104-B158-3982-6C46-E12F6F8B4D35" otype="Table" vid="C1CC6F72-176D-701F-BF70-29D19FD8AEAA">
<hideElementsInCurrentOnly>false</hideElementsInCurrentOnly>
<bounds x="1102" y="67" width="229" height="113"/>
</OView>
<OView class="oracle.dbtools.crest.swingui.relational.TVTable" oid="93D871AD-3860-B0CA-3C94-B4D6EB72DC25" otype="Table" vid="66F887E5-C008-D494-A980-F3019482FD9D">
<hideElementsInCurrentOnly>false</hideElementsInCurrentOnly>
<bounds x="452" y="278" width="281" height="149"/>
</OView>
<OView class="oracle.dbtools.crest.swingui.relational.TVTable" oid="9A1B5AD6-9398-862C-78D3-51B2E728F43B" otype="Table" vid="B2E84F6D-924E-0197-3109-1351DA6DD0C7">
<hideElementsInCurrentOnly>false</hideElementsInCurrentOnly>
<bounds x="127" y="72" width="221" height="106"/>
</OView>
<OView class="oracle.dbtools.crest.swingui.relational.TVTable" oid="B0539743-8158-D3E4-8163-2ACEB86BD88F" otype="Table" vid="6E25E8ED-2A81-9D29-9F7C-A06AE54E4903">
<hideElementsInCurrentOnly>false</hideElementsInCurrentOnly>
<bounds x="110" y="279" width="252" height="146"/>
</OView>
</objectViews>
<connectors>
<Connector class="oracle.dbtools.crest.swingui.relational.TVFKRelation" oid="22063D25-57E5-77CA-4CE0-1E1433DBCD77" otype="FKIndexAssociation" vid_source="BB20BF7F-8067-AADE-8EE6-7E9C7B4EAA1E" vid_target="66F887E5-C008-D494-A980-F3019482FD9D">
<hideElementsInCurrentOnly>false</hideElementsInCurrentOnly>
<backgroundColor>-16777216</backgroundColor>
<lineWidth>1</lineWidth>
<points>
<point x="576" y="181"/>
<point x="577" y="278"/>
</points>
</Connector>
<Connector class="oracle.dbtools.crest.swingui.relational.TVFKRelation" oid="51398D8A-6E96-085D-B3AE-793D08CC7D09" otype="FKIndexAssociation" vid_source="51016142-A6C9-0866-BA5D-124D4CB4F2EF" vid_target="7EE104E7-4D87-74CC-1B07-BD65D92168CF">
<hideElementsInCurrentOnly>false</hideElementsInCurrentOnly>
<backgroundColor>-16777216</backgroundColor>
<lineWidth>1</lineWidth>
<points>
<point x="936" y="495"/>
<point x="936" y="406"/>
</points>
</Connector>
<Connector class="oracle.dbtools.crest.swingui.relational.TVFKRelation" oid="5AE5DEB0-E83C-0123-E124-CE209D40021F" otype="FKIndexAssociation" vid_source="5C3CB8DE-4B6F-AABF-80E2-E9B2CEFD719D" vid_target="C1CC6F72-176D-701F-BF70-29D19FD8AEAA">
<hideElementsInCurrentOnly>false</hideElementsInCurrentOnly>
<backgroundColor>-16777216</backgroundColor>
<lineWidth>1</lineWidth>
<points>
<point x="1216" y="262"/>
<point x="1216" y="180"/>
</points>
</Connector>
<Connector class="oracle.dbtools.crest.swingui.relational.TVFKRelation" oid="671DE6D5-44C5-1F95-D0E2-99382045C74F" otype="FKIndexAssociation" vid_source="7EE104E7-4D87-74CC-1B07-BD65D92168CF" vid_target="66F887E5-C008-D494-A980-F3019482FD9D">
<hideElementsInCurrentOnly>false</hideElementsInCurrentOnly>
<backgroundColor>-16777216</backgroundColor>
<lineWidth>1</lineWidth>
<points>
<point x="801" y="342"/>
<point x="733" y="342"/>
</points>
</Connector>
<Connector class="oracle.dbtools.crest.swingui.relational.TVFKRelation" oid="9DCB9CA2-49EB-EC8D-2C0F-D2B5313FD29E" otype="FKIndexAssociation" vid_source="B2E84F6D-924E-0197-3109-1351DA6DD0C7" vid_target="6E25E8ED-2A81-9D29-9F7C-A06AE54E4903">
<hideElementsInCurrentOnly>false</hideElementsInCurrentOnly>
<backgroundColor>-16777216</backgroundColor>
<lineWidth>1</lineWidth>
<points>
<point x="237" y="178"/>
<point x="237" y="279"/>
</points>
</Connector>
<Connector class="oracle.dbtools.crest.swingui.relational.TVFKRelation" oid="B096A7D6-052C-882C-18BE-2DEC50944F98" otype="FKIndexAssociation" vid_source="66F887E5-C008-D494-A980-F3019482FD9D" vid_target="6E25E8ED-2A81-9D29-9F7C-A06AE54E4903">
<hideElementsInCurrentOnly>false</hideElementsInCurrentOnly>
<backgroundColor>-16777216</backgroundColor>
<lineWidth>1</lineWidth>
<points>
<point x="452" y="367"/>
<point x="362" y="367"/>
</points>
</Connector>
<Connector class="oracle.dbtools.crest.swingui.relational.TVFKRelation" oid="B2781C87-385B-0623-C85B-482C4DC4CE13" otype="FKIndexAssociation" vid_source="66F887E5-C008-D494-A980-F3019482FD9D" vid_target="317B43CB-6501-DD19-6573-088BA616973D">
<hideElementsInCurrentOnly>false</hideElementsInCurrentOnly>
<backgroundColor>-16777216</backgroundColor>
<lineWidth>1</lineWidth>
<points>
<point x="593" y="427"/>
<point x="593" y="525"/>
</points>
</Connector>
<Connector class="oracle.dbtools.crest.swingui.relational.TVFKRelation" oid="B76B28E1-017C-E1E2-42CE-87B8F45CA208" otype="FKIndexAssociation" vid_source="317B43CB-6501-DD19-6573-088BA616973D" vid_target="51016142-A6C9-0866-BA5D-124D4CB4F2EF">
<hideElementsInCurrentOnly>false</hideElementsInCurrentOnly>
<backgroundColor>-16777216</backgroundColor>
<lineWidth>1</lineWidth>
<points>
<point x="729" y="571"/>
<point x="831" y="572"/>
</points>
</Connector>
<Connector class="oracle.dbtools.crest.swingui.relational.TVFKRelation" oid="BA0EE3FB-5B41-C8FE-50C9-2B22DB166408" otype="FKIndexAssociation" vid_source="852E9F59-39DA-9A84-5A8C-B44B37E30344" vid_target="5C3CB8DE-4B6F-AABF-80E2-E9B2CEFD719D">
<hideElementsInCurrentOnly>false</hideElementsInCurrentOnly>
<backgroundColor>-16777216</backgroundColor>
<lineWidth>1</lineWidth>
<points>
<point x="1206" y="481"/>
<point x="1206" y="393"/>
</points>
</Connector>
<Connector class="oracle.dbtools.crest.swingui.relational.TVFKRelation" oid="D4835825-0E09-5729-0A42-8AAEC3F80B34" otype="FKIndexAssociation" vid_source="C1CC6F72-176D-701F-BF70-29D19FD8AEAA" vid_target="BB20BF7F-8067-AADE-8EE6-7E9C7B4EAA1E">
<hideElementsInCurrentOnly>false</hideElementsInCurrentOnly>
<backgroundColor>-16777216</backgroundColor>
<lineWidth>1</lineWidth>
<points>
<point x="1102" y="123"/>
<point x="696" y="123"/>
</points>
</Connector>
</connectors>
</Diagram>