<?xml version = '1.0' encoding = 'UTF-8'?>
<Table class="oracle.dbtools.crest.model.design.relational.Table" directorySegmentName="seg_0" id="03CA8F77-4C67-822A-4CFF-4BF315354949" name="DESPACHO">
<createdBy>Camila Garmendia</createdBy>
<createdTime>2022-05-31 20:24:03 UTC</createdTime>
<ownerDesignName>MODELO ER CASO</ownerDesignName>
<ordsAlias>table_4</ordsAlias>
<allowColumnReorder>false</allowColumnReorder>
<existDependencyGenerateInDDl>true</existDependencyGenerateInDDl>
<parsed>true</parsed>
<columns itemClass="oracle.dbtools.crest.model.design.relational.Column">
<Column name="id_despacho" id="1723F9F2-E623-4675-B40F-AE7FD9329000">
<createdBy>Camila Garmendia</createdBy>
<createdTime>2022-05-31 20:24:42 UTC</createdTime>
<ownerDesignName>MODELO ER CASO</ownerDesignName>
<useDomainConstraints>false</useDomainConstraints>
<use>1</use>
<logicalDatatype>LOGDT019</logicalDatatype>
<dataTypePrecision>10</dataTypePrecision>
<ownDataTypeParameters>,10,</ownDataTypeParameters>
<autoIncrementCycle>false</autoIncrementCycle>
</Column>
<Column name="tipo_despacho" id="617BF07D-DE13-36EA-432C-6114FC425708">
<createdBy>camip</createdBy>
<createdTime>2022-06-01 19:20:04 UTC</createdTime>
<ownerDesignName>MODELO ER CASO</ownerDesignName>
<useDomainConstraints>false</useDomainConstraints>
<use>1</use>
<logicalDatatype>LOGDT024</logicalDatatype>
<dataTypeSize>25</dataTypeSize>
<ownDataTypeParameters>25,,</ownDataTypeParameters>
<autoIncrementCycle>false</autoIncrementCycle>
</Column>
<Column name="id_comuna" id="1C502A38-62D5-FF6E-E82E-25C140A7DDF6">
<createdBy>camip</createdBy>
<createdTime>2022-06-01 19:25:18 UTC</createdTime>
<ownerDesignName>MODELO ER CASO</ownerDesignName>
<useDomainConstraints>false</useDomainConstraints>
<use>1</use>
<logicalDatatype>LOGDT019</logicalDatatype>
<dataTypePrecision>10</dataTypePrecision>
<ownDataTypeParameters>,,</ownDataTypeParameters>
<previousColumn>false</previousColumn>
<autoIncrementCycle>false</autoIncrementCycle>
<associations>
<colAssociation fkAssociation="D4835825-0E09-5729-0A42-8AAEC3F80B34" referredColumn="97EEE102-1582-8F7B-2C64-314F16A956F7"/>
</associations>
</Column>
</columns>
<indexes itemClass="oracle.dbtools.crest.model.design.relational.Index">
<ind_PK_UK id="891D2278-62A2-D0CF-C3A6-0E4A337039FD" name="PK_DESPACHO">
<createdBy>Camila Garmendia</createdBy>
<createdTime>2022-05-31 20:24:42 UTC</createdTime>
<ownerDesignName>MODELO ER CASO</ownerDesignName>
<pk>true</pk>
<indexState>Primary Constraint</indexState>
<isSurrogateKey>false</isSurrogateKey>
<indexColumnUsage>
<colUsage columnID="1723F9F2-E623-4675-B40F-AE7FD9329000"/>
</indexColumnUsage>
</ind_PK_UK>
<ind_PK_UK id="40F36176-5032-7E8F-2134-0AEA4CA5E2D4" name="FK_DESPACHO_COMUNA">
<createdBy>camip</createdBy>
<createdTime>2022-06-01 19:25:18 UTC</createdTime>
<ownerDesignName>MODELO ER CASO</ownerDesignName>
<indexState>Foreign Key</indexState>
<isSurrogateKey>false</isSurrogateKey>
<indexColumnUsage>
<colUsage columnID="1C502A38-62D5-FF6E-E82E-25C140A7DDF6"/>
</indexColumnUsage>
</ind_PK_UK>
</indexes>
</Table>