<?xml version = '1.0' encoding = 'UTF-8'?>
<Table class="oracle.dbtools.crest.model.design.relational.Table" directorySegmentName="seg_0" id="068DEF8A-2DFB-3B35-B9D5-23F802A8AB3A" name="DESCUENTO">
<createdBy>camip</createdBy>
<createdTime>2022-06-01 19:40:11 UTC</createdTime>
<ownerDesignName>MODELO ER CASO</ownerDesignName>
<ordsAlias>table_11</ordsAlias>
<allowColumnReorder>false</allowColumnReorder>
<existDependencyGenerateInDDl>true</existDependencyGenerateInDDl>
<parsed>true</parsed>
<columns itemClass="oracle.dbtools.crest.model.design.relational.Column">
<Column name="id_descuento" id="5CB16C0A-E7A2-CB4A-E6C5-F2809C250EBB">
<createdBy>camip</createdBy>
<createdTime>2022-06-01 19:40:44 UTC</createdTime>
<ownerDesignName>MODELO ER CASO</ownerDesignName>
<useDomainConstraints>false</useDomainConstraints>
<use>1</use>
<logicalDatatype>LOGDT019</logicalDatatype>
<dataTypePrecision>10</dataTypePrecision>
<ownDataTypeParameters>,10,</ownDataTypeParameters>
<autoIncrementCycle>false</autoIncrementCycle>
</Column>
<Column name="tipo_descuento" id="E473855F-DED4-C692-03F5-5CA8EAF5F9BB">
<createdBy>camip</createdBy>
<createdTime>2022-06-01 19:40:44 UTC</createdTime>
<ownerDesignName>MODELO ER CASO</ownerDesignName>
<useDomainConstraints>false</useDomainConstraints>
<use>1</use>
<logicalDatatype>LOGDT024</logicalDatatype>
<dataTypeSize>20</dataTypeSize>
<ownDataTypeParameters>20,,</ownDataTypeParameters>
<autoIncrementCycle>false</autoIncrementCycle>
</Column>
<Column name="id_compra" id="C40AB164-B3FF-117C-059B-87E437538B99">
<createdBy>camip</createdBy>
<createdTime>2022-06-01 19:41:01 UTC</createdTime>
<ownerDesignName>MODELO ER CASO</ownerDesignName>
<useDomainConstraints>false</useDomainConstraints>
<use>1</use>
<logicalDatatype>LOGDT019</logicalDatatype>
<dataTypePrecision>10</dataTypePrecision>
<ownDataTypeParameters>,,</ownDataTypeParameters>
<previousColumn>false</previousColumn>
<autoIncrementCycle>false</autoIncrementCycle>
<associations>
<colAssociation fkAssociation="B2781C87-385B-0623-C85B-482C4DC4CE13" referredColumn="39F7A964-76C2-8866-10EA-83C2CD34A85C"/>
</associations>
</Column>
</columns>
<indexes itemClass="oracle.dbtools.crest.model.design.relational.Index">
<ind_PK_UK id="12076E4E-8CC2-5D0F-D191-83C802BDCBAE" name="PK_DESCUENTO">
<createdBy>camip</createdBy>
<createdTime>2022-06-01 19:40:44 UTC</createdTime>
<ownerDesignName>MODELO ER CASO</ownerDesignName>
<pk>true</pk>
<indexState>Primary Constraint</indexState>
<isSurrogateKey>false</isSurrogateKey>
<indexColumnUsage>
<colUsage columnID="5CB16C0A-E7A2-CB4A-E6C5-F2809C250EBB"/>
</indexColumnUsage>
</ind_PK_UK>
<ind_PK_UK id="0E163D53-DA89-5B88-A27A-F6FCC17D9CBF" name="FK_DESCUENTO_COMPRA">
<createdBy>camip</createdBy>
<createdTime>2022-06-01 19:41:01 UTC</createdTime>
<ownerDesignName>MODELO ER CASO</ownerDesignName>
<indexState>Foreign Key</indexState>
<isSurrogateKey>false</isSurrogateKey>
<indexColumnUsage>
<colUsage columnID="C40AB164-B3FF-117C-059B-87E437538B99"/>
</indexColumnUsage>
</ind_PK_UK>
</indexes>
</Table>