<?xml version = '1.0' encoding = 'UTF-8'?>
<Table class="oracle.dbtools.crest.model.design.relational.Table" directorySegmentName="seg_0" id="15B2117B-900A-CF72-804F-F292C7D8CDF8" name="REGION">
<createdBy>Camila Garmendia</createdBy>
<createdTime>2022-05-31 20:27:34 UTC</createdTime>
<ownerDesignName>MODELO ER CASO</ownerDesignName>
<ordsAlias>table_5</ordsAlias>
<allowColumnReorder>false</allowColumnReorder>
<existDependencyGenerateInDDl>true</existDependencyGenerateInDDl>
<parsed>true</parsed>
<columns itemClass="oracle.dbtools.crest.model.design.relational.Column">
<Column name="id_region" id="4B1606B5-7E9C-AED4-3CED-A578D340A56A">
<createdBy>camip</createdBy>
<createdTime>2022-06-01 19:19:21 UTC</createdTime>
<ownerDesignName>MODELO ER CASO</ownerDesignName>
<useDomainConstraints>false</useDomainConstraints>
<use>1</use>
<logicalDatatype>LOGDT019</logicalDatatype>
<dataTypePrecision>10</dataTypePrecision>
<ownDataTypeParameters>,10,</ownDataTypeParameters>
<autoIncrementCycle>false</autoIncrementCycle>
</Column>
<Column name="nombre_region" id="69B80663-627E-462A-ABEA-DD3BECC2CF7B">
<createdBy>camip</createdBy>
<createdTime>2022-06-01 19:19:21 UTC</createdTime>
<ownerDesignName>MODELO ER CASO</ownerDesignName>
<useDomainConstraints>false</useDomainConstraints>
<use>1</use>
<logicalDatatype>LOGDT024</logicalDatatype>
<dataTypeSize>20</dataTypeSize>
<ownDataTypeParameters>20,,</ownDataTypeParameters>
<autoIncrementCycle>false</autoIncrementCycle>
</Column>
</columns>
<indexes itemClass="oracle.dbtools.crest.model.design.relational.Index">
<ind_PK_UK id="74F2E05A-3522-93D9-1168-CE54B0841D2E" name="PK_REGION">
<createdBy>camip</createdBy>
<createdTime>2022-06-01 19:19:21 UTC</createdTime>
<ownerDesignName>MODELO ER CASO</ownerDesignName>
<pk>true</pk>
<indexState>Primary Constraint</indexState>
<isSurrogateKey>false</isSurrogateKey>
<indexColumnUsage>
<colUsage columnID="4B1606B5-7E9C-AED4-3CED-A578D340A56A"/>
</indexColumnUsage>
</ind_PK_UK>
</indexes>
</Table>