<?xml version = '1.0' encoding = 'UTF-8'?>
<Table class="oracle.dbtools.crest.model.design.relational.Table" directorySegmentName="seg_0" id="3BB78758-6CBE-D6FE-EE95-6AF4538C974D" name="PROVINCIA">
<createdBy>Camila Garmendia</createdBy>
<createdTime>2022-05-31 20:27:50 UTC</createdTime>
<ownerDesignName>MODELO ER CASO</ownerDesignName>
<ordsAlias>table_6</ordsAlias>
<allowColumnReorder>false</allowColumnReorder>
<existDependencyGenerateInDDl>true</existDependencyGenerateInDDl>
<parsed>true</parsed>
<columns itemClass="oracle.dbtools.crest.model.design.relational.Column">
<Column name="id_provincia" id="395BB0ED-C300-151B-BC70-381B67A838EE">
<createdBy>camip</createdBy>
<createdTime>2022-06-01 19:20:48 UTC</createdTime>
<ownerDesignName>MODELO ER CASO</ownerDesignName>
<useDomainConstraints>false</useDomainConstraints>
<use>1</use>
<logicalDatatype>LOGDT019</logicalDatatype>
<dataTypePrecision>10</dataTypePrecision>
<ownDataTypeParameters>,10,</ownDataTypeParameters>
<autoIncrementCycle>false</autoIncrementCycle>
</Column>
<Column name="nombre_provincia" id="E72D68CC-F31C-CC60-7C67-CB066BF7CD45">
<createdBy>camip</createdBy>
<createdTime>2022-06-01 19:20:48 UTC</createdTime>
<ownerDesignName>MODELO ER CASO</ownerDesignName>
<useDomainConstraints>false</useDomainConstraints>
<use>1</use>
<logicalDatatype>LOGDT024</logicalDatatype>
<dataTypeSize>20</dataTypeSize>
<ownDataTypeParameters>20,,</ownDataTypeParameters>
<autoIncrementCycle>false</autoIncrementCycle>
</Column>
<Column name="id_region" id="39AD5CFD-802B-AE75-E78C-5EDC099B9B36">
<createdBy>camip</createdBy>
<createdTime>2022-06-01 19:24:13 UTC</createdTime>
<ownerDesignName>MODELO ER CASO</ownerDesignName>
<useDomainConstraints>false</useDomainConstraints>
<use>1</use>
<logicalDatatype>LOGDT019</logicalDatatype>
<dataTypePrecision>10</dataTypePrecision>
<ownDataTypeParameters>,,</ownDataTypeParameters>
<previousColumn>false</previousColumn>
<autoIncrementCycle>false</autoIncrementCycle>
<associations>
<colAssociation fkAssociation="BA0EE3FB-5B41-C8FE-50C9-2B22DB166408" referredColumn="4B1606B5-7E9C-AED4-3CED-A578D340A56A"/>
</associations>
</Column>
</columns>
<indexes itemClass="oracle.dbtools.crest.model.design.relational.Index">
<ind_PK_UK id="F4C152A1-256A-B03D-DFAE-16D1C33B28B9" name="PK_PROVINCIA">
<createdBy>camip</createdBy>
<createdTime>2022-06-01 19:20:48 UTC</createdTime>
<ownerDesignName>MODELO ER CASO</ownerDesignName>
<pk>true</pk>
<indexState>Primary Constraint</indexState>
<isSurrogateKey>false</isSurrogateKey>
<indexColumnUsage>
<colUsage columnID="395BB0ED-C300-151B-BC70-381B67A838EE"/>
</indexColumnUsage>
</ind_PK_UK>
<ind_PK_UK id="70ECE7DC-47E0-6621-0BE7-2EFE8E4EF266" name="FK_PROVINCIA_REGION">
<createdBy>camip</createdBy>
<createdTime>2022-06-01 19:24:13 UTC</createdTime>
<ownerDesignName>MODELO ER CASO</ownerDesignName>
<indexState>Foreign Key</indexState>
<isSurrogateKey>false</isSurrogateKey>
<indexColumnUsage>
<colUsage columnID="39AD5CFD-802B-AE75-E78C-5EDC099B9B36"/>
</indexColumnUsage>
</ind_PK_UK>
</indexes>
</Table>