<?xml version = '1.0' encoding = 'UTF-8'?>
<Table class="oracle.dbtools.crest.model.design.relational.Table" directorySegmentName="seg_0" id="712BBB2D-33C2-507B-E537-5B51F11F64A7" name="CLIENTE">
<createdBy>Camila Garmendia</createdBy>
<createdTime>2022-05-31 20:18:30 UTC</createdTime>
<ownerDesignName>MODELO ER CASO</ownerDesignName>
<ordsAlias>table_2</ordsAlias>
<allowColumnReorder>false</allowColumnReorder>
<existDependencyGenerateInDDl>true</existDependencyGenerateInDDl>
<parsed>true</parsed>
<columns itemClass="oracle.dbtools.crest.model.design.relational.Column">
<Column name="rut_cliente" id="3D8BBD9C-C35A-EC24-E69F-FE9F553626E1">
<createdBy>Camila Garmendia</createdBy>
<createdTime>2022-05-31 20:19:08 UTC</createdTime>
<ownerDesignName>MODELO ER CASO</ownerDesignName>
<useDomainConstraints>false</useDomainConstraints>
<use>1</use>
<logicalDatatype>LOGDT024</logicalDatatype>
<dataTypeSize>10</dataTypeSize>
<ownDataTypeParameters>10,,</ownDataTypeParameters>
<autoIncrementCycle>false</autoIncrementCycle>
</Column>
<Column name="nombre" id="1433D65E-180F-20BE-DF0E-E6C716AECF1C">
<createdBy>Camila Garmendia</createdBy>
<createdTime>2022-05-31 20:20:55 UTC</createdTime>
<ownerDesignName>MODELO ER CASO</ownerDesignName>
<useDomainConstraints>false</useDomainConstraints>
<use>1</use>
<logicalDatatype>LOGDT024</logicalDatatype>
<dataTypeSize>25</dataTypeSize>
<ownDataTypeParameters>25,,</ownDataTypeParameters>
<autoIncrementCycle>false</autoIncrementCycle>
</Column>
<Column name="primer_apellido" id="099F48F1-6D80-895B-5D3F-F1404BFD839B">
<createdBy>Camila Garmendia</createdBy>
<createdTime>2022-05-31 20:20:55 UTC</createdTime>
<ownerDesignName>MODELO ER CASO</ownerDesignName>
<useDomainConstraints>false</useDomainConstraints>
<use>1</use>
<logicalDatatype>LOGDT024</logicalDatatype>
<dataTypeSize>25</dataTypeSize>
<ownDataTypeParameters>25,,</ownDataTypeParameters>
<autoIncrementCycle>false</autoIncrementCycle>
</Column>
<Column name="segundo_apellido" id="9A5B3685-7103-16B2-8929-292C8E79C59F">
<createdBy>Camila Garmendia</createdBy>
<createdTime>2022-05-31 20:20:55 UTC</createdTime>
<ownerDesignName>MODELO ER CASO</ownerDesignName>
<useDomainConstraints>false</useDomainConstraints>
<use>1</use>
<logicalDatatype>LOGDT024</logicalDatatype>
<dataTypeSize>25</dataTypeSize>
<ownDataTypeParameters>25,,</ownDataTypeParameters>
<autoIncrementCycle>false</autoIncrementCycle>
</Column>
<Column name="direccion" id="D2F2A198-ED3B-A3FD-F691-EBDE3BDA78A5">
<createdBy>Camila Garmendia</createdBy>
<createdTime>2022-05-31 20:22:07 UTC</createdTime>
<ownerDesignName>MODELO ER CASO</ownerDesignName>
<useDomainConstraints>false</useDomainConstraints>
<use>1</use>
<logicalDatatype>LOGDT024</logicalDatatype>
<dataTypeSize>25</dataTypeSize>
<ownDataTypeParameters>25,,</ownDataTypeParameters>
<autoIncrementCycle>false</autoIncrementCycle>
</Column>
<Column name="fono" id="4DFA24E0-520B-2BD0-394C-AA1DD0668EE6">
<createdBy>Camila Garmendia</createdBy>
<createdTime>2022-05-31 20:22:07 UTC</createdTime>
<ownerDesignName>MODELO ER CASO</ownerDesignName>
<useDomainConstraints>false</useDomainConstraints>
<use>1</use>
<logicalDatatype>LOGDT024</logicalDatatype>
<dataTypeSize>25</dataTypeSize>
<ownDataTypeParameters>25,,</ownDataTypeParameters>
<autoIncrementCycle>false</autoIncrementCycle>
</Column>
<Column name="historial_compras" id="37802A92-CF65-3EDB-7DD4-93228926B68C">
<createdBy>camip</createdBy>
<createdTime>2022-06-01 19:46:10 UTC</createdTime>
<ownerDesignName>MODELO ER CASO</ownerDesignName>
<nullsAllowed>true</nullsAllowed>
<useDomainConstraints>false</useDomainConstraints>
<use>1</use>
<logicalDatatype>LOGDT024</logicalDatatype>
<dataTypeSize>25</dataTypeSize>
<ownDataTypeParameters>25,,</ownDataTypeParameters>
<autoIncrementCycle>false</autoIncrementCycle>
</Column>
<Column name="id_suscripcion" id="CD91A2D1-A56E-95E1-AC7B-3CC39997E1CB">
<createdBy>camip</createdBy>
<createdTime>2022-06-01 19:39:09 UTC</createdTime>
<ownerDesignName>MODELO ER CASO</ownerDesignName>
<useDomainConstraints>false</useDomainConstraints>
<use>1</use>
<logicalDatatype>LOGDT019</logicalDatatype>
<dataTypePrecision>10</dataTypePrecision>
<ownDataTypeParameters>,,</ownDataTypeParameters>
<previousColumn>false</previousColumn>
<autoIncrementCycle>false</autoIncrementCycle>
<associations>
<colAssociation fkAssociation="51398D8A-6E96-085D-B3AE-793D08CC7D09" referredColumn="76EA405E-3AE9-082F-7DC9-6949C0726AB7"/>
</associations>
</Column>
</columns>
<indexes itemClass="oracle.dbtools.crest.model.design.relational.Index">
<ind_PK_UK id="B71D6060-EF4F-5283-3156-BBEA8097F959" name="PK_CLIENTE">
<createdBy>Camila Garmendia</createdBy>
<createdTime>2022-05-31 20:19:08 UTC</createdTime>
<ownerDesignName>MODELO ER CASO</ownerDesignName>
<pk>true</pk>
<indexState>Primary Constraint</indexState>
<isSurrogateKey>false</isSurrogateKey>
<indexColumnUsage>
<colUsage columnID="3D8BBD9C-C35A-EC24-E69F-FE9F553626E1"/>
</indexColumnUsage>
</ind_PK_UK>
<ind_PK_UK id="0732BECB-52A1-8BDB-433C-487846729D52" name="FK_CLIENTE_SUSCRIPCION">
<createdBy>camip</createdBy>
<createdTime>2022-06-01 19:39:09 UTC</createdTime>
<ownerDesignName>MODELO ER CASO</ownerDesignName>
<indexState>Foreign Key</indexState>
<isSurrogateKey>false</isSurrogateKey>
<indexColumnUsage>
<colUsage columnID="CD91A2D1-A56E-95E1-AC7B-3CC39997E1CB"/>
</indexColumnUsage>
</ind_PK_UK>
</indexes>
</Table>