<?xml version = '1.0' encoding = 'UTF-8'?>
<Table class="oracle.dbtools.crest.model.design.relational.Table" directorySegmentName="seg_0" id="72C648AA-B617-8511-3504-1CD6DC4B5CCF" name="SUSCRIPCION">
<createdBy>camip</createdBy>
<createdTime>2022-06-01 19:38:25 UTC</createdTime>
<ownerDesignName>MODELO ER CASO</ownerDesignName>
<ordsAlias>table_10</ordsAlias>
<allowColumnReorder>false</allowColumnReorder>
<existDependencyGenerateInDDl>true</existDependencyGenerateInDDl>
<parsed>true</parsed>
<columns itemClass="oracle.dbtools.crest.model.design.relational.Column">
<Column name="id_suscripcion" id="76EA405E-3AE9-082F-7DC9-6949C0726AB7">
<createdBy>camip</createdBy>
<createdTime>2022-06-01 19:38:58 UTC</createdTime>
<ownerDesignName>MODELO ER CASO</ownerDesignName>
<useDomainConstraints>false</useDomainConstraints>
<use>1</use>
<logicalDatatype>LOGDT019</logicalDatatype>
<dataTypePrecision>10</dataTypePrecision>
<ownDataTypeParameters>,10,</ownDataTypeParameters>
<autoIncrementCycle>false</autoIncrementCycle>
</Column>
<Column name="tipo_suscripcion" id="0D73D055-E323-A0EF-5D64-FF301D08308B">
<createdBy>camip</createdBy>
<createdTime>2022-06-01 19:38:58 UTC</createdTime>
<ownerDesignName>MODELO ER CASO</ownerDesignName>
<useDomainConstraints>false</useDomainConstraints>
<use>1</use>
<logicalDatatype>LOGDT024</logicalDatatype>
<dataTypeSize>20</dataTypeSize>
<ownDataTypeParameters>20,,</ownDataTypeParameters>
<autoIncrementCycle>false</autoIncrementCycle>
</Column>
<Column name="id_descuento" id="8DE7AFCC-501F-37FF-5D9F-250436F29DE5">
<createdBy>camip</createdBy>
<createdTime>2022-06-01 19:43:46 UTC</createdTime>
<ownerDesignName>MODELO ER CASO</ownerDesignName>
<useDomainConstraints>false</useDomainConstraints>
<use>1</use>
<logicalDatatype>LOGDT019</logicalDatatype>
<dataTypePrecision>10</dataTypePrecision>
<ownDataTypeParameters>,,</ownDataTypeParameters>
<previousColumn>false</previousColumn>
<autoIncrementCycle>false</autoIncrementCycle>
<associations>
<colAssociation fkAssociation="B76B28E1-017C-E1E2-42CE-87B8F45CA208" referredColumn="5CB16C0A-E7A2-CB4A-E6C5-F2809C250EBB"/>
</associations>
</Column>
</columns>
<indexes itemClass="oracle.dbtools.crest.model.design.relational.Index">
<ind_PK_UK id="AB54B7FA-BBD1-7AFC-CB20-EBDC21FFE2AD" name="PK_SUSCRIPCION">
<createdBy>camip</createdBy>
<createdTime>2022-06-01 19:38:58 UTC</createdTime>
<ownerDesignName>MODELO ER CASO</ownerDesignName>
<pk>true</pk>
<indexState>Primary Constraint</indexState>
<isSurrogateKey>false</isSurrogateKey>
<indexColumnUsage>
<colUsage columnID="76EA405E-3AE9-082F-7DC9-6949C0726AB7"/>
</indexColumnUsage>
</ind_PK_UK>
<ind_PK_UK id="7D106BEB-330C-64FF-4CF7-D39D5A19D5E7" name="FK_SUSCRIP_DESCUENTO">
<createdBy>camip</createdBy>
<createdTime>2022-06-01 19:43:46 UTC</createdTime>
<ownerDesignName>MODELO ER CASO</ownerDesignName>
<indexState>Foreign Key</indexState>
<isSurrogateKey>false</isSurrogateKey>
<indexColumnUsage>
<colUsage columnID="8DE7AFCC-501F-37FF-5D9F-250436F29DE5"/>
</indexColumnUsage>
</ind_PK_UK>
</indexes>
</Table>