<?xml version = '1.0' encoding = 'UTF-8'?>
<Table class="oracle.dbtools.crest.model.design.relational.Table" directorySegmentName="seg_0" id="86274104-B158-3982-6C46-E12F6F8B4D35" name="COMUNA">
<createdBy>Camila Garmendia</createdBy>
<createdTime>2022-05-31 20:27:55 UTC</createdTime>
<ownerDesignName>MODELO ER CASO</ownerDesignName>
<ordsAlias>table_7</ordsAlias>
<allowColumnReorder>false</allowColumnReorder>
<existDependencyGenerateInDDl>true</existDependencyGenerateInDDl>
<parsed>true</parsed>
<columns itemClass="oracle.dbtools.crest.model.design.relational.Column">
<Column name="id_comuna" id="97EEE102-1582-8F7B-2C64-314F16A956F7">
<createdBy>camip</createdBy>
<createdTime>2022-06-01 19:21:53 UTC</createdTime>
<ownerDesignName>MODELO ER CASO</ownerDesignName>
<useDomainConstraints>false</useDomainConstraints>
<use>1</use>
<logicalDatatype>LOGDT019</logicalDatatype>
<dataTypePrecision>10</dataTypePrecision>
<ownDataTypeParameters>,10,</ownDataTypeParameters>
<autoIncrementCycle>false</autoIncrementCycle>
</Column>
<Column name="nombre_comuna" id="13270F02-69C5-BFA6-5CD0-0CABF085D92C">
<createdBy>camip</createdBy>
<createdTime>2022-06-01 19:21:53 UTC</createdTime>
<ownerDesignName>MODELO ER CASO</ownerDesignName>
<useDomainConstraints>false</useDomainConstraints>
<use>1</use>
<logicalDatatype>LOGDT024</logicalDatatype>
<dataTypeSize>20</dataTypeSize>
<ownDataTypeParameters>20,,</ownDataTypeParameters>
<autoIncrementCycle>false</autoIncrementCycle>
</Column>
<Column name="id_provincia" id="DD7ABD12-EA44-EC3E-C702-EA8746CB56DA">
<createdBy>camip</createdBy>
<createdTime>2022-06-01 19:23:10 UTC</createdTime>
<ownerDesignName>MODELO ER CASO</ownerDesignName>
<useDomainConstraints>false</useDomainConstraints>
<use>1</use>
<logicalDatatype>LOGDT019</logicalDatatype>
<dataTypePrecision>10</dataTypePrecision>
<ownDataTypeParameters>,,</ownDataTypeParameters>
<previousColumn>false</previousColumn>
<autoIncrementCycle>false</autoIncrementCycle>
<associations>
<colAssociation fkAssociation="5AE5DEB0-E83C-0123-E124-CE209D40021F" referredColumn="395BB0ED-C300-151B-BC70-381B67A838EE"/>
</associations>
</Column>
</columns>
<indexes itemClass="oracle.dbtools.crest.model.design.relational.Index">
<ind_PK_UK id="859E715F-B7B7-F10D-47BC-D60D3DF38AE1" name="PK_COMUNA">
<createdBy>camip</createdBy>
<createdTime>2022-06-01 19:21:53 UTC</createdTime>
<ownerDesignName>MODELO ER CASO</ownerDesignName>
<pk>true</pk>
<indexState>Primary Constraint</indexState>
<isSurrogateKey>false</isSurrogateKey>
<indexColumnUsage>
<colUsage columnID="97EEE102-1582-8F7B-2C64-314F16A956F7"/>
</indexColumnUsage>
</ind_PK_UK>
<ind_PK_UK id="F50BB217-F435-1C21-A73E-9224031F4D45" name="FK_COMUNA_PROVINCIA">
<createdBy>camip</createdBy>
<createdTime>2022-06-01 19:23:10 UTC</createdTime>
<ownerDesignName>MODELO ER CASO</ownerDesignName>
<indexState>Foreign Key</indexState>
<isSurrogateKey>false</isSurrogateKey>
<indexColumnUsage>
<colUsage columnID="DD7ABD12-EA44-EC3E-C702-EA8746CB56DA"/>
</indexColumnUsage>
</ind_PK_UK>
</indexes>
</Table>