<?xml version = '1.0' encoding = 'UTF-8'?>
<Table class="oracle.dbtools.crest.model.design.relational.Table" directorySegmentName="seg_0" id="93D871AD-3860-B0CA-3C94-B4D6EB72DC25" name="COMPRA">
<createdBy>Camila Garmendia</createdBy>
<createdTime>2022-05-31 20:22:19 UTC</createdTime>
<ownerDesignName>MODELO ER CASO</ownerDesignName>
<ordsAlias>table_3</ordsAlias>
<allowColumnReorder>false</allowColumnReorder>
<existDependencyGenerateInDDl>true</existDependencyGenerateInDDl>
<parsed>true</parsed>
<columns itemClass="oracle.dbtools.crest.model.design.relational.Column">
<Column name="id_compra" id="39F7A964-76C2-8866-10EA-83C2CD34A85C">
<createdBy>Camila Garmendia</createdBy>
<createdTime>2022-05-31 20:23:24 UTC</createdTime>
<ownerDesignName>MODELO ER CASO</ownerDesignName>
<useDomainConstraints>false</useDomainConstraints>
<use>1</use>
<logicalDatatype>LOGDT019</logicalDatatype>
<dataTypePrecision>10</dataTypePrecision>
<ownDataTypeParameters>,10,</ownDataTypeParameters>
<autoIncrementCycle>false</autoIncrementCycle>
</Column>
<Column name="tipo_compra" id="A8F5EBBC-5D5E-824D-9CF3-58F86E995572">
<createdBy>camip</createdBy>
<createdTime>2022-06-01 19:36:18 UTC</createdTime>
<ownerDesignName>MODELO ER CASO</ownerDesignName>
<useDomainConstraints>false</useDomainConstraints>
<use>1</use>
<logicalDatatype>LOGDT024</logicalDatatype>
<dataTypeSize>20</dataTypeSize>
<ownDataTypeParameters>20,,</ownDataTypeParameters>
<autoIncrementCycle>false</autoIncrementCycle>
</Column>
<Column name="descripcion_compra" id="8C9B151F-B19D-39D0-2B88-368B4F710370">
<createdBy>Camila Garmendia</createdBy>
<createdTime>2022-05-31 20:23:24 UTC</createdTime>
<ownerDesignName>MODELO ER CASO</ownerDesignName>
<useDomainConstraints>false</useDomainConstraints>
<use>1</use>
<logicalDatatype>LOGDT024</logicalDatatype>
<dataTypeSize>10</dataTypeSize>
<ownDataTypeParameters>10,,</ownDataTypeParameters>
<autoIncrementCycle>false</autoIncrementCycle>
</Column>
<Column name="rut_cliente" id="859094C4-6873-C18C-67F5-88B8DE764C06">
<createdBy>camip</createdBy>
<createdTime>2022-06-01 19:31:40 UTC</createdTime>
<ownerDesignName>MODELO ER CASO</ownerDesignName>
<useDomainConstraints>false</useDomainConstraints>
<use>1</use>
<logicalDatatype>LOGDT024</logicalDatatype>
<dataTypeSize>10</dataTypeSize>
<ownDataTypeParameters>,,</ownDataTypeParameters>
<previousColumn>false</previousColumn>
<autoIncrementCycle>false</autoIncrementCycle>
<associations>
<colAssociation fkAssociation="671DE6D5-44C5-1F95-D0E2-99382045C74F" referredColumn="3D8BBD9C-C35A-EC24-E69F-FE9F553626E1"/>
</associations>
</Column>
<Column name="id_despacho" id="170908E6-CD69-BCFE-F7BC-C8B35AF24CCD">
<createdBy>camip</createdBy>
<createdTime>2022-06-01 19:33:57 UTC</createdTime>
<ownerDesignName>MODELO ER CASO</ownerDesignName>
<useDomainConstraints>false</useDomainConstraints>
<use>1</use>
<logicalDatatype>LOGDT019</logicalDatatype>
<dataTypePrecision>10</dataTypePrecision>
<ownDataTypeParameters>,,</ownDataTypeParameters>
<previousColumn>false</previousColumn>
<autoIncrementCycle>false</autoIncrementCycle>
<associations>
<colAssociation fkAssociation="22063D25-57E5-77CA-4CE0-1E1433DBCD77" referredColumn="1723F9F2-E623-4675-B40F-AE7FD9329000"/>
</associations>
</Column>
</columns>
<indexes itemClass="oracle.dbtools.crest.model.design.relational.Index">
<ind_PK_UK id="96EAA2A3-4795-9B43-7849-536B245AD033" name="PK_COMPRA">
<createdBy>Camila Garmendia</createdBy>
<createdTime>2022-05-31 20:23:24 UTC</createdTime>
<ownerDesignName>MODELO ER CASO</ownerDesignName>
<pk>true</pk>
<indexState>Primary Constraint</indexState>
<isSurrogateKey>false</isSurrogateKey>
<indexColumnUsage>
<colUsage columnID="39F7A964-76C2-8866-10EA-83C2CD34A85C"/>
</indexColumnUsage>
</ind_PK_UK>
<ind_PK_UK id="813D72FC-1AE3-91E7-487C-77E4895FDBB7" name="FK_COMPRA_CLIENTE">
<createdBy>camip</createdBy>
<createdTime>2022-06-01 19:31:40 UTC</createdTime>
<ownerDesignName>MODELO ER CASO</ownerDesignName>
<indexState>Foreign Key</indexState>
<isSurrogateKey>false</isSurrogateKey>
<indexColumnUsage>
<colUsage columnID="859094C4-6873-C18C-67F5-88B8DE764C06"/>
</indexColumnUsage>
</ind_PK_UK>
<ind_PK_UK id="FC8E91BD-45D3-2D11-3F30-D499DD20458D" name="FK_COMPRA_DESPACHO">
<createdBy>camip</createdBy>
<createdTime>2022-06-01 19:33:57 UTC</createdTime>
<ownerDesignName>MODELO ER CASO</ownerDesignName>
<indexState>Foreign Key</indexState>
<isSurrogateKey>false</isSurrogateKey>
<indexColumnUsage>
<colUsage columnID="170908E6-CD69-BCFE-F7BC-C8B35AF24CCD"/>
</indexColumnUsage>
</ind_PK_UK>
</indexes>
</Table>