<?xml version = '1.0' encoding = 'UTF-8'?>
<Table class="oracle.dbtools.crest.model.design.relational.Table" directorySegmentName="seg_0" id="9A1B5AD6-9398-862C-78D3-51B2E728F43B" name="CATEGORIA">
<createdBy>camip</createdBy>
<createdTime>2022-06-01 19:29:20 UTC</createdTime>
<ownerDesignName>MODELO ER CASO</ownerDesignName>
<ordsAlias>table_9</ordsAlias>
<allowColumnReorder>false</allowColumnReorder>
<existDependencyGenerateInDDl>true</existDependencyGenerateInDDl>
<parsed>true</parsed>
<columns itemClass="oracle.dbtools.crest.model.design.relational.Column">
<Column name="id_categoria" id="F967ED6B-5946-ACFC-B4CC-9994C5202795">
<createdBy>camip</createdBy>
<createdTime>2022-06-01 19:30:23 UTC</createdTime>
<ownerDesignName>MODELO ER CASO</ownerDesignName>
<useDomainConstraints>false</useDomainConstraints>
<use>1</use>
<logicalDatatype>LOGDT019</logicalDatatype>
<dataTypePrecision>10</dataTypePrecision>
<ownDataTypeParameters>,10,</ownDataTypeParameters>
<autoIncrementCycle>false</autoIncrementCycle>
</Column>
<Column name="nombre_categoria" id="AD1B1E42-B9A8-D86F-6D6B-E1B7AB937C6F">
<createdBy>camip</createdBy>
<createdTime>2022-06-01 19:30:23 UTC</createdTime>
<ownerDesignName>MODELO ER CASO</ownerDesignName>
<useDomainConstraints>false</useDomainConstraints>
<use>1</use>
<logicalDatatype>LOGDT024</logicalDatatype>
<dataTypeSize>25</dataTypeSize>
<ownDataTypeParameters>25,,</ownDataTypeParameters>
<autoIncrementCycle>false</autoIncrementCycle>
</Column>
<Column name="descripcion_categoria" id="25E9FEF4-7059-1D65-73B1-47E3D8E1F66B">
<createdBy>camip</createdBy>
<createdTime>2022-06-01 19:30:23 UTC</createdTime>
<ownerDesignName>MODELO ER CASO</ownerDesignName>
<nullsAllowed>true</nullsAllowed>
<useDomainConstraints>false</useDomainConstraints>
<use>1</use>
<logicalDatatype>LOGDT024</logicalDatatype>
<dataTypeSize>25</dataTypeSize>
<ownDataTypeParameters>25,,</ownDataTypeParameters>
<autoIncrementCycle>false</autoIncrementCycle>
</Column>
</columns>
<indexes itemClass="oracle.dbtools.crest.model.design.relational.Index">
<ind_PK_UK id="D0C54F78-D81C-EDCE-CE25-1D7CFD947563" name="CATEGORIA_PK">
<createdBy>camip</createdBy>
<createdTime>2022-06-01 19:30:23 UTC</createdTime>
<ownerDesignName>MODELO ER CASO</ownerDesignName>
<pk>true</pk>
<indexState>Primary Constraint</indexState>
<isSurrogateKey>false</isSurrogateKey>
<indexColumnUsage>
<colUsage columnID="F967ED6B-5946-ACFC-B4CC-9994C5202795"/>
</indexColumnUsage>
</ind_PK_UK>
</indexes>
</Table>