<?xml version = '1.0' encoding = 'UTF-8'?>
<Table class="oracle.dbtools.crest.model.design.relational.Table" directorySegmentName="seg_0" id="B0539743-8158-D3E4-8163-2ACEB86BD88F" name="PRODUCTO">
<createdBy>camip</createdBy>
<createdTime>2022-06-01 19:26:15 UTC</createdTime>
<ownerDesignName>MODELO ER CASO</ownerDesignName>
<ordsAlias>table_8</ordsAlias>
<allowColumnReorder>false</allowColumnReorder>
<existDependencyGenerateInDDl>true</existDependencyGenerateInDDl>
<parsed>true</parsed>
<columns itemClass="oracle.dbtools.crest.model.design.relational.Column">
<Column name="id_producto" id="4398B86C-A895-57E2-2403-71F47D2DB3E9">
<createdBy>camip</createdBy>
<createdTime>2022-06-01 19:27:03 UTC</createdTime>
<ownerDesignName>MODELO ER CASO</ownerDesignName>
<useDomainConstraints>false</useDomainConstraints>
<use>1</use>
<logicalDatatype>LOGDT019</logicalDatatype>
<dataTypePrecision>25</dataTypePrecision>
<ownDataTypeParameters>,25,</ownDataTypeParameters>
<autoIncrementCycle>false</autoIncrementCycle>
</Column>
<Column name="nombre_producto" id="105C3BF6-985C-0E28-1F2E-8E7E8B64B02C">
<createdBy>camip</createdBy>
<createdTime>2022-06-01 19:27:03 UTC</createdTime>
<ownerDesignName>MODELO ER CASO</ownerDesignName>
<useDomainConstraints>false</useDomainConstraints>
<use>1</use>
<logicalDatatype>LOGDT024</logicalDatatype>
<dataTypeSize>25</dataTypeSize>
<ownDataTypeParameters>25,,</ownDataTypeParameters>
<autoIncrementCycle>false</autoIncrementCycle>
</Column>
<Column name="descripcion_producto" id="23119AC8-874F-42BB-C6C7-158D623362FC">
<createdBy>camip</createdBy>
<createdTime>2022-06-01 19:27:03 UTC</createdTime>
<ownerDesignName>MODELO ER CASO</ownerDesignName>
<useDomainConstraints>false</useDomainConstraints>
<use>1</use>
<logicalDatatype>LOGDT024</logicalDatatype>
<dataTypeSize>25</dataTypeSize>
<ownDataTypeParameters>25,,</ownDataTypeParameters>
<autoIncrementCycle>false</autoIncrementCycle>
</Column>
<Column name="id_compra" id="C311E09A-14DA-98FA-45F2-C5E48D4603AD">
<createdBy>camip</createdBy>
<createdTime>2022-06-01 19:27:53 UTC</createdTime>
<ownerDesignName>MODELO ER CASO</ownerDesignName>
<useDomainConstraints>false</useDomainConstraints>
<use>1</use>
<logicalDatatype>LOGDT019</logicalDatatype>
<dataTypePrecision>10</dataTypePrecision>
<ownDataTypeParameters>,,</ownDataTypeParameters>
<previousColumn>false</previousColumn>
<autoIncrementCycle>false</autoIncrementCycle>
<associations>
<colAssociation fkAssociation="B096A7D6-052C-882C-18BE-2DEC50944F98" referredColumn="39F7A964-76C2-8866-10EA-83C2CD34A85C"/>
</associations>
</Column>
<Column name="id_categoria" id="446591F7-AB1F-4A0B-2834-39361EAF83DD">
<createdBy>camip</createdBy>
<createdTime>2022-06-01 19:30:51 UTC</createdTime>
<ownerDesignName>MODELO ER CASO</ownerDesignName>
<useDomainConstraints>false</useDomainConstraints>
<use>1</use>
<logicalDatatype>LOGDT019</logicalDatatype>
<dataTypePrecision>10</dataTypePrecision>
<ownDataTypeParameters>,,</ownDataTypeParameters>
<previousColumn>false</previousColumn>
<autoIncrementCycle>false</autoIncrementCycle>
<associations>
<colAssociation fkAssociation="9DCB9CA2-49EB-EC8D-2C0F-D2B5313FD29E" referredColumn="F967ED6B-5946-ACFC-B4CC-9994C5202795"/>
</associations>
</Column>
</columns>
<indexes itemClass="oracle.dbtools.crest.model.design.relational.Index">
<ind_PK_UK id="2B5B5AA0-673F-F926-E856-494E5E70E6C1" name="PK_PRODUCTO">
<createdBy>camip</createdBy>
<createdTime>2022-06-01 19:27:03 UTC</createdTime>
<ownerDesignName>MODELO ER CASO</ownerDesignName>
<pk>true</pk>
<indexState>Primary Constraint</indexState>
<isSurrogateKey>false</isSurrogateKey>
<indexColumnUsage>
<colUsage columnID="4398B86C-A895-57E2-2403-71F47D2DB3E9"/>
</indexColumnUsage>
</ind_PK_UK>
<ind_PK_UK id="C89927CD-84DE-8467-4444-098C97C0DD0E" name="FK_PRODUCTO_COMPRA_CTE">
<createdBy>camip</createdBy>
<createdTime>2022-06-01 19:27:53 UTC</createdTime>
<ownerDesignName>MODELO ER CASO</ownerDesignName>
<indexState>Foreign Key</indexState>
<isSurrogateKey>false</isSurrogateKey>
<indexColumnUsage>
<colUsage columnID="C311E09A-14DA-98FA-45F2-C5E48D4603AD"/>
</indexColumnUsage>
</ind_PK_UK>
<ind_PK_UK id="5960868A-33C9-7581-17DA-E2AD60156B65" name="FK_PRODUCTO_CATEGORIA">
<createdBy>camip</createdBy>
<createdTime>2022-06-01 19:30:51 UTC</createdTime>
<ownerDesignName>MODELO ER CASO</ownerDesignName>
<indexState>Foreign Key</indexState>
<isSurrogateKey>false</isSurrogateKey>
<indexColumnUsage>
<colUsage columnID="446591F7-AB1F-4A0B-2834-39361EAF83DD"/>
</indexColumnUsage>
</ind_PK_UK>
</indexes>
</Table>